,Acc,Prec,Recall,F1
0,0.7661691542288557,0.7665406539584039,0.7661691542288557,0.7658790487156288
