,Acc,Prec,Recall,F1
0,0.7529411764705882,0.7574988523837628,0.7529411764705882,0.7525990371221194
