,Acc,Prec,Recall,F1
0,0.7111111111111111,0.7343873517786562,0.7111111111111111,0.7139870582379293
