,Acc,Prec,Recall,F1
0,0.7874015748031497,0.7882318683178096,0.7874015748031497,0.7870313785403689
