,Acc,Prec,Recall,F1
0,0.6755852842809364,0.6780491292815132,0.6755852842809364,0.6734326967092199
