,Acc,Prec,Recall,F1
0,0.7439446366782007,0.7440281589309152,0.7439446366782007,0.74395076827215
