,Acc,Prec,Recall,F1
0,0.7391304347826086,0.740192319037225,0.7391304347826086,0.73846243993906
