,Acc,Prec,Recall,F1
0,0.7785467128027682,0.7786318922430365,0.7785467128027682,0.7785520158029405
