,Acc,Prec,Recall,F1
0,0.7755905511811023,0.7758098865092844,0.7755905511811023,0.7753988822675991
