,Acc,Prec,Recall,F1
0,0.7553956834532374,0.7550460678796721,0.7553956834532374,0.7550636182783096
