,Acc,Prec,Recall,F1
0,0.7761194029850746,0.7761994397426966,0.7761194029850746,0.7759861968882314
