,Acc,Prec,Recall,F1
0,0.7764705882352941,0.7854199788023317,0.7764705882352941,0.7756023924342939
