,Acc,Prec,Recall,F1
0,0.6666666666666666,0.6700404858299596,0.6666666666666666,0.6680265170831209
