,Acc,Prec,Recall,F1
0,0.7157190635451505,0.7,0.7777777777777778,0.7368421052631577
