,Acc,Prec,Recall,F1
0,0.7023411371237458,0.7024590361155891,0.7023411371237458,0.7020141311424458
