,Acc,Prec,Recall,F1
0,0.7677165354330708,0.7676899026608827,0.7677165354330708,0.7676913134706409
