,Acc,Prec,Recall,F1
0,0.7860696517412935,0.7861509446232887,0.7860696517412935,0.7860908408311297
