,Acc,Prec,Recall,F1
0,0.7913669064748201,0.7911881021498591,0.7913669064748201,0.7912363544008617
