,Acc,Prec,Recall,F1
0,0.7764705882352941,0.7981146304675717,0.7764705882352941,0.7737236830215957
