,Acc,Prec,Recall,F1
0,0.6888888888888889,0.696,0.6888888888888889,0.6910931174089069
