,Acc,Prec,Recall,F1
0,0.6444444444444445,0.6519999999999999,0.6444444444444445,0.6469635627530365
