,Acc,Prec,Recall,F1
0,0.7439446366782007,0.7444761086432204,0.7439446366782007,0.743889447046294
