,Acc,Prec,Recall,F1
0,0.7357859531772575,0.7370463067852167,0.7357859531772575,0.7350141005893774
