,Acc,Prec,Recall,F1
0,0.7090301003344481,0.7093800096021613,0.7090301003344481,0.7085600833334741
