,Acc,Prec,Recall,F1
0,0.7960199004975125,0.7961325448230546,0.7960199004975125,0.7958985349426111
