,Acc,Prec,Recall,F1
0,0.7716262975778547,0.7717111455806122,0.7716262975778547,0.7716317662967825
