,Acc,Prec,Recall,F1
0,0.7810945273631841,0.7813240419497263,0.7810945273631841,0.7808990760483298
