,Acc,Prec,Recall,F1
0,0.7795275590551181,0.7795148464117098,0.7795275590551181,0.7794728274865846
