,Acc,Prec,Recall,F1
0,0.7985611510791367,0.7983471622366958,0.7985611510791367,0.798287685640961
