,Acc,Prec,Recall,F1
0,0.788235294117647,0.8001333866880085,0.788235294117647,0.7870588235294118
