,Acc,Prec,Recall,F1
0,0.7716535433070866,0.7717534375367259,0.7716535433070866,0.7715117484383006
