,Acc,Prec,Recall,F1
0,0.7769784172661871,0.7772910154205118,0.7769784172661871,0.7770944474325331
