,Acc,Prec,Recall,F1
0,0.7711442786069652,0.7713480717312224,0.7711442786069652,0.7709399431414359
