,Acc,Prec,Recall,F1
0,0.7834645669291339,0.7840474179918976,0.7834645669291339,0.783158340929329
