,Acc,Prec,Recall,F1
0,0.7111111111111111,0.71417004048583,0.7111111111111111,0.7122896481387047
