,Acc,Prec,Recall,F1
0,0.8,0.8094861660079052,0.8,0.8011946241911398
