,Acc,Prec,Recall,F1
0,0.7123745819397993,0.7132113830361722,0.7123745819397993,0.7116380748046047
