,Acc,Prec,Recall,F1
0,0.8222222222222222,0.8387351778656127,0.8222222222222222,0.824
