,Acc,Prec,Recall,F1
0,0.7529411764705882,0.7613804981452041,0.7529411764705882,0.7519815916379036
