,Acc,Prec,Recall,F1
0,0.754325259515571,0.7544878451879447,0.754325259515571,0.754325259515571
