,Acc,Prec,Recall,F1
0,0.7777777777777778,0.7849752586594693,0.7777777777777778,0.779835390946502
