,Acc,Prec,Recall,F1
0,0.8,0.7986175115207373,0.8,0.7954073264078731
