,Acc,Prec,Recall,F1
0,0.8888888888888888,0.9094650205761317,0.8888888888888888,0.8877827553785743
