,Acc,Prec,Recall,F1
0,0.8666666666666667,0.8666666666666667,0.8666666666666667,0.8666666666666667
