,Acc,Prec,Recall,F1
0,0.7290969899665551,0.7295486170446501,0.7290969899665551,0.7286593879311655
