,Acc,Prec,Recall,F1
0,0.7333333333333333,0.7400000000000001,0.7333333333333333,0.7352226720647773
