,Acc,Prec,Recall,F1
0,0.7411764705882353,0.7473420723272511,0.7411764705882353,0.7405308464849355
