,Acc,Prec,Recall,F1
0,0.7577854671280276,0.7578696522557636,0.7577854671280276,0.7577912672844663
