,Acc,Prec,Recall,F1
0,0.7913385826771654,0.7913848198292308,0.7913385826771654,0.7912511479248147
