,Acc,Prec,Recall,F1
0,0.7697841726618705,0.7697841726618705,0.7697841726618705,0.7697841726618705
