,Acc,Prec,Recall,F1
0,0.7512437810945274,0.7512200900260603,0.7512437810945274,0.7511574759035907
